{"type":"Topology","arcs":[[[280,464],[25,-21],[51,35],[-12,42],[58,-2],[-12,-120],[82,-9],[-60,-44],[21,-49],[-31,-7],[0,-1],[2,-11],[12,-71],[2,0],[2,-7],[30,0],[-23,-74],[-66,8],[-2,1],[3,-87],[-79,-3],[-34,-44],[-25,39],[-8,23],[-12,8],[-62,40],[10,30],[39,-6],[-40,32],[4,36],[-155,14],[67,25],[-6,46],[30,17],[-24,44],[39,34],[-8,10],[7,10],[32,13],[85,-5],[5,7],[16,29],[36,65],[4,2],[-3,-49]]],"transform":{"scale":[0.0003805127608047596,0.00034794126914200214],"translate":[78.3694605144374,17.302195098469955]},"objects":{"telangana":{"type":"GeometryCollection","geometries":[{"arcs":[[0]],"type":"Polygon","properties":{"dt_code":"536","district":"Hyderabad","st_code":"36","year":"2016_c","st_nm":"Telangana"}}]}}}